{"id":"TK","name":"Tokelau","month":"2018-01","access_date":"2018-02-05","data":{"chrome":{"4":null,"5":null,"6":null,"7":null,"8":null,"9":null,"10":null,"11":null,"12":null,"13":null,"14":null,"15":null,"16":null,"17":null,"18":null,"19":null,"20":null,"21":null,"22":null,"23":null,"24":null,"25":null,"26":null,"27":null,"28":null,"29":null,"30":null,"31":null,"32":null,"33":null,"34":null,"35":null,"36":null,"37":null,"38":null,"39":null,"40":null,"41":null,"42":null,"43":null,"44":null,"45":null,"46":null,"47":null,"48":null,"49":null,"50":null,"51":null,"52":null,"53":null,"54":null,"55":null,"56":null,"57":null,"58":null,"59":null,"60":null,"61":null,"62":2.12865,"63":27.66011,"64":null,"65":null,"66":null,"67":null},"firefox":{"2":null,"3":null,"3.5":null,"3.6":null,"4":null,"5":null,"6":null,"7":null,"8":null,"9":null,"10":null,"11":null,"12":null,"13":null,"14":null,"15":null,"16":null,"17":null,"18":null,"19":null,"20":null,"21":null,"22":null,"23":null,"24":null,"25":null,"26":null,"27":null,"28":null,"29":null,"30":null,"31":null,"32":null,"33":null,"34":null,"35":null,"36":null,"37":null,"38":null,"39":null,"40":null,"41":null,"42":null,"43":null,"44":null,"45":null,"46":null,"47":null,"48":null,"49":null,"50":null,"51":null,"52":null,"53":null,"54":null,"55":null,"56":null,"57":6.37978,"58":null,"59":null,"60":null,"61":null},"opera":{"9":null,"9.5-9.6":null,"10.0-10.1":0,"10.5":null,"10.6":null,"11":null,"11.1":null,"11.5":null,"11.6":null,"12":null,"12.1":null,"15":null,"16":null,"17":null,"18":null,"19":null,"20":null,"21":null,"22":null,"23":null,"24":null,"25":null,"26":null,"27":null,"28":null,"29":null,"30":null,"31":null,"32":null,"33":null,"34":null,"35":null,"36":null,"37":null,"38":null,"39":null,"40":null,"41":null,"42":null,"43":null,"44":null,"45":null,"46":null,"47":null,"48":null,"49":null,"50":null,"51":null,"52":null},"safari":{"3.1":null,"3.2":null,"4":0,"5":null,"5.1":null,"6":null,"6.1":null,"7":null,"7.1":null,"8":null,"9":null,"9.1":null,"10":null,"10.1":null,"11":null,"11.1":null,"0":null},"ios_saf":{"3.2":0,"4.0-4.1":0,"4.2-4.3":0,"5.0-5.1":0,"6.0-6.1":0,"7.0-7.1":0,"8":0,"8.1-8.4":0,"9.0-9.2":0,"9.3":0,"10.0-10.2":0,"10.3":0,"11.0-11.2":0,"11.3":null},"android":{"2.1":0,"2.2":0,"2.3":0,"3":0,"4":0,"4.1":0.117198795431,"4.2-4.3":0.351596386293,"4.4":1.03267617861,"4.4.3-4.4.4":0.628008639668,"62":null},"op_mob":{"10":null,"11":null,"11.1":null,"11.5":null,"12":null,"12.1":null,"0":null},"ie":{"5.5":null,"6":null,"7":null,"8":null,"9":null,"10":null,"11":10.63708},"edge":{"12":null,"13":null,"14":null,"15":2.12865,"16":null,"17":null},"samsung":{"4":null,"5":null,"6.2":2.12948},"ie_mob":{"10":0.08825408,"11":0.46333392},"bb":{"7":0,"10":0},"and_uc":{"0":null},"op_mini":{"0":8.05696436426},"and_chr":{"0":38.30034},"baidu":{"0":null},"and_ff":{"0":null},"and_qq":{"1.2":null}},"total":100.102122364}