{
  "title":"CSS touch-action property",
  "description":"touch-action is a CSS property that controls filtering of gesture events, providing developers with a declarative mechanism to selectively disable touch scrolling (in one or both axes) or double-tap-zooming.",
  "spec":"https://www.w3.org/TR/pointerevents/#the-touch-action-css-property",
  "status":"rec",
  "links":[
    {
      "url":"http://msdn.microsoft.com/en-us/library/windows/apps/hh767313.aspx",
      "title":"MSDN Docs"
    },
    {
      "url":"http://updates.html5rocks.com/2013/12/300ms-tap-delay-gone-away",
      "title":"300ms tap delay, gone away"
    },
    {
      "url":"http://blogs.telerik.com/appbuilder/posts/13-11-21/what-exactly-is.....-the-300ms-click-delay",
      "title":"What Exactly Is..... The 300ms Click Delay"
    },
    {
      "url":"http://thx.github.io/mobile/300ms-click-delay/",
      "title":"What Exactly Is..... The 300ms Click Delay (Chinese)"
    },
    {
      "url":"https://developer.mozilla.org/en-US/docs/Web/CSS/touch-action",
      "title":"MDN Web Docs - CSS touch-action"
    },
    {
      "url":"https://bugs.webkit.org/show_bug.cgi?id=149854",
      "title":"WebKit bug 149854: Implement touch-action: manipulation; for iOS"
    },
    {
      "url":"https://bugs.webkit.org/show_bug.cgi?id=133112",
      "title":"WebKit bug 133112: touch-action CSS property support"
    }
  ],
  "bugs":[
    
  ],
  "categories":[
    "CSS"
  ],
  "stats":{
    "ie":{
      "5.5":"n",
      "6":"n",
      "7":"n",
      "8":"n",
      "9":"n",
      "10":"y x #2",
      "11":"y"
    },
    "edge":{
      "12":"y",
      "13":"y",
      "14":"y",
      "15":"y",
      "16":"y",
      "17":"y"
    },
    "firefox":{
      "2":"n",
      "3":"n",
      "3.5":"n",
      "3.6":"n",
      "4":"n",
      "5":"n",
      "6":"n",
      "7":"n",
      "8":"n",
      "9":"n",
      "10":"n",
      "11":"n",
      "12":"n",
      "13":"n",
      "14":"n",
      "15":"n",
      "16":"n",
      "17":"n",
      "18":"n",
      "19":"n",
      "20":"n",
      "21":"n",
      "22":"n",
      "23":"n",
      "24":"n",
      "25":"n",
      "26":"n",
      "27":"n",
      "28":"n",
      "29":"n d #1",
      "30":"n d #1",
      "31":"n d #1",
      "32":"n d #1",
      "33":"n d #1",
      "34":"n d #1",
      "35":"n d #1",
      "36":"n d #1",
      "37":"n d #1",
      "38":"n d #1",
      "39":"n d #1",
      "40":"n d #1",
      "41":"n d #1",
      "42":"n d #1",
      "43":"n d #1",
      "44":"n d #1",
      "45":"n d #1",
      "46":"n d #1",
      "47":"n d #1",
      "48":"n d #1",
      "49":"n d #1",
      "50":"n d #1",
      "51":"n d #1",
      "52":"y #4",
      "53":"y #4",
      "54":"y #4",
      "55":"y #4",
      "56":"y #4",
      "57":"y",
      "58":"y",
      "59":"y",
      "60":"y",
      "61":"y"
    },
    "chrome":{
      "4":"n",
      "5":"n",
      "6":"n",
      "7":"n",
      "8":"n",
      "9":"n",
      "10":"n",
      "11":"n",
      "12":"n",
      "13":"n",
      "14":"n",
      "15":"n",
      "16":"n",
      "17":"n",
      "18":"n",
      "19":"n",
      "20":"n",
      "21":"n",
      "22":"n",
      "23":"n",
      "24":"n",
      "25":"n",
      "26":"n",
      "27":"n",
      "28":"n",
      "29":"n",
      "30":"n",
      "31":"n",
      "32":"n",
      "33":"n",
      "34":"n",
      "35":"n",
      "36":"y",
      "37":"y",
      "38":"y",
      "39":"y",
      "40":"y",
      "41":"y",
      "42":"y",
      "43":"y",
      "44":"y",
      "45":"y",
      "46":"y",
      "47":"y",
      "48":"y",
      "49":"y",
      "50":"y",
      "51":"y",
      "52":"y",
      "53":"y",
      "54":"y",
      "55":"y",
      "56":"y",
      "57":"y",
      "58":"y",
      "59":"y",
      "60":"y",
      "61":"y",
      "62":"y",
      "63":"y",
      "64":"y",
      "65":"y",
      "66":"y",
      "67":"y"
    },
    "safari":{
      "3.1":"n",
      "3.2":"n",
      "4":"n",
      "5":"n",
      "5.1":"n",
      "6":"n",
      "6.1":"n",
      "7":"n",
      "7.1":"n",
      "8":"n",
      "9":"n",
      "9.1":"n",
      "10":"n",
      "10.1":"n",
      "11":"n",
      "11.1":"n",
      "TP":"n"
    },
    "opera":{
      "9":"n",
      "9.5-9.6":"n",
      "10.0-10.1":"n",
      "10.5":"n",
      "10.6":"n",
      "11":"n",
      "11.1":"n",
      "11.5":"n",
      "11.6":"n",
      "12":"n",
      "12.1":"n",
      "15":"n",
      "16":"n",
      "17":"n",
      "18":"n",
      "19":"n",
      "20":"n",
      "21":"n",
      "22":"n",
      "23":"y",
      "24":"y",
      "25":"y",
      "26":"y",
      "27":"y",
      "28":"y",
      "29":"y",
      "30":"y",
      "31":"y",
      "32":"y",
      "33":"y",
      "34":"y",
      "35":"y",
      "36":"y",
      "37":"y",
      "38":"y",
      "39":"y",
      "40":"y",
      "41":"y",
      "42":"y",
      "43":"y",
      "44":"y",
      "45":"y",
      "46":"y",
      "47":"y",
      "48":"y",
      "49":"y",
      "50":"y",
      "51":"y",
      "52":"y"
    },
    "ios_saf":{
      "3.2":"n",
      "4.0-4.1":"n",
      "4.2-4.3":"n",
      "5.0-5.1":"n",
      "6.0-6.1":"n",
      "7.0-7.1":"n",
      "8":"n",
      "8.1-8.4":"n",
      "9.0-9.2":"n",
      "9.3":"a #3",
      "10.0-10.2":"a #3",
      "10.3":"a #3",
      "11.0-11.2":"a #3",
      "11.3":"a #3"
    },
    "op_mini":{
      "all":"n"
    },
    "android":{
      "2.1":"n",
      "2.2":"n",
      "2.3":"n",
      "3":"n",
      "4":"n",
      "4.1":"n",
      "4.2-4.3":"n",
      "4.4":"n",
      "4.4.3-4.4.4":"n",
      "62":"y"
    },
    "bb":{
      "7":"n",
      "10":"n"
    },
    "op_mob":{
      "10":"n",
      "11":"n",
      "11.1":"n",
      "11.5":"n",
      "12":"n",
      "12.1":"n",
      "37":"y"
    },
    "and_chr":{
      "64":"y"
    },
    "and_ff":{
      "57":"y"
    },
    "ie_mob":{
      "10":"y x #2",
      "11":"y"
    },
    "and_uc":{
      "11.8":"y"
    },
    "samsung":{
      "4":"y",
      "5":"y",
      "6.2":"y"
    },
    "and_qq":{
      "1.2":"y"
    },
    "baidu":{
      "7.12":"y"
    }
  },
  "notes":"",
  "notes_by_num":{
    "1":"Supported in Firefox behind the `layout.css.touch_action.enabled` flag, Firefox for Windows 8 Touch ('Metro') enabled by default.",
    "2":"IE10+ has already supported these property which are not in standard at present such as `double-tap-zoom`, `cross-slide-x`, `cross-slide-y`.",
    "3":"iOS Safari only supports `auto` and `manipulation`.",
    "4":"Not applicable to Firefox platforms that support neither pointer nor touch events."
  },
  "usage_perc_y":79.4,
  "usage_perc_a":9.84,
  "ucprefix":false,
  "parent":"",
  "keywords":"touch action",
  "ie_id":"csstouchaction",
  "chrome_id":"5912074022551552",
  "firefox_id":"",
  "webkit_id":"",
  "shown":true
}
