{
  "title":"CSS :read-only and :read-write selectors",
  "description":":read-only and :read-write pseudo-classes to match elements which are considered user-alterable",
  "spec":"https://html.spec.whatwg.org/multipage/scripting.html#selector-read-only",
  "status":"ls",
  "links":[
    {
      "url":"https://css-tricks.com/almanac/selectors/r/read-write-read/",
      "title":"CSS Tricks article"
    },
    {
      "url":"https://developer.mozilla.org/en-US/docs/Web/CSS/%3Aread-only",
      "title":"MDN :read-only"
    },
    {
      "url":"https://developer.mozilla.org/en-US/docs/Web/CSS/:read-write",
      "title":"MDN Web Docs - CSS :read-write"
    },
    {
      "url":"https://drafts.csswg.org/selectors-4/#rw-pseudos",
      "title":"Selectors Level 4 \u00a7 The Mutability Pseudo-classes: :read-only and :read-write"
    },
    {
      "url":"https://bugzilla.mozilla.org/show_bug.cgi?id=312971",
      "title":"Firefox feature request bug"
    }
  ],
  "bugs":[
    
  ],
  "categories":[
    "CSS"
  ],
  "stats":{
    "ie":{
      "5.5":"n",
      "6":"n",
      "7":"n",
      "8":"n",
      "9":"n",
      "10":"n",
      "11":"n"
    },
    "edge":{
      "12":"n",
      "13":"y",
      "14":"y",
      "15":"y",
      "16":"y",
      "17":"y"
    },
    "firefox":{
      "2":"u",
      "3":"y x",
      "3.5":"y x",
      "3.6":"y x",
      "4":"y x",
      "5":"y x",
      "6":"y x",
      "7":"y x",
      "8":"y x",
      "9":"y x",
      "10":"y x",
      "11":"y x",
      "12":"y x",
      "13":"y x",
      "14":"y x",
      "15":"y x",
      "16":"y x",
      "17":"y x",
      "18":"y x",
      "19":"y x",
      "20":"y x",
      "21":"y x",
      "22":"y x",
      "23":"y x",
      "24":"y x",
      "25":"y x",
      "26":"y x",
      "27":"y x",
      "28":"y x",
      "29":"y x",
      "30":"y x",
      "31":"y x",
      "32":"y x",
      "33":"y x",
      "34":"y x",
      "35":"y x",
      "36":"y x",
      "37":"y x",
      "38":"y x",
      "39":"y x",
      "40":"y x",
      "41":"y x",
      "42":"y x",
      "43":"y x",
      "44":"y x",
      "45":"y x",
      "46":"y x",
      "47":"y x",
      "48":"y x",
      "49":"y x",
      "50":"y x",
      "51":"y x",
      "52":"y x",
      "53":"y x",
      "54":"y x",
      "55":"y x",
      "56":"y x",
      "57":"y x",
      "58":"y x",
      "59":"y x",
      "60":"y x",
      "61":"y x"
    },
    "chrome":{
      "4":"u",
      "5":"u",
      "6":"u",
      "7":"u",
      "8":"u",
      "9":"u",
      "10":"u",
      "11":"u",
      "12":"u",
      "13":"u",
      "14":"u",
      "15":"a #1",
      "16":"a #1",
      "17":"a #1",
      "18":"a #1",
      "19":"a #1",
      "20":"a #1",
      "21":"a #1",
      "22":"a #1",
      "23":"a #1",
      "24":"a #1",
      "25":"a #1",
      "26":"a #1",
      "27":"a #1",
      "28":"a #1",
      "29":"a #1",
      "30":"a #1",
      "31":"a #1",
      "32":"a #1",
      "33":"a #1",
      "34":"a #1",
      "35":"a #1",
      "36":"y",
      "37":"y",
      "38":"y",
      "39":"y",
      "40":"y",
      "41":"y",
      "42":"y",
      "43":"y",
      "44":"y",
      "45":"y",
      "46":"y",
      "47":"y",
      "48":"y",
      "49":"y",
      "50":"y",
      "51":"y",
      "52":"y",
      "53":"y",
      "54":"y",
      "55":"y",
      "56":"y",
      "57":"y",
      "58":"y",
      "59":"y",
      "60":"y",
      "61":"y",
      "62":"y",
      "63":"y",
      "64":"y",
      "65":"y",
      "66":"y",
      "67":"y"
    },
    "safari":{
      "3.1":"u",
      "3.2":"u",
      "4":"a #1",
      "5":"a #1",
      "5.1":"a #1",
      "6":"a #1",
      "6.1":"a #1",
      "7":"a #1",
      "7.1":"a #1",
      "8":"a #1",
      "9":"y",
      "9.1":"y",
      "10":"y",
      "10.1":"y",
      "11":"y",
      "11.1":"y",
      "TP":"y"
    },
    "opera":{
      "9":"u",
      "9.5-9.6":"u",
      "10.0-10.1":"u",
      "10.5":"u",
      "10.6":"u",
      "11":"u",
      "11.1":"u",
      "11.5":"a #1",
      "11.6":"a #1",
      "12":"a #1",
      "12.1":"a #1",
      "15":"a #1",
      "16":"a #1",
      "17":"a #1",
      "18":"a #1",
      "19":"a #1",
      "20":"a #1",
      "21":"a #1",
      "22":"a #1",
      "23":"y",
      "24":"y",
      "25":"y",
      "26":"y",
      "27":"y",
      "28":"y",
      "29":"y",
      "30":"y",
      "31":"y",
      "32":"y",
      "33":"y",
      "34":"y",
      "35":"y",
      "36":"y",
      "37":"y",
      "38":"y",
      "39":"y",
      "40":"y",
      "41":"y",
      "42":"y",
      "43":"y",
      "44":"y",
      "45":"y",
      "46":"y",
      "47":"y",
      "48":"y",
      "49":"y",
      "50":"y",
      "51":"y",
      "52":"y"
    },
    "ios_saf":{
      "3.2":"u",
      "4.0-4.1":"u",
      "4.2-4.3":"a #1",
      "5.0-5.1":"a #1",
      "6.0-6.1":"a #1",
      "7.0-7.1":"a #1",
      "8":"a #1",
      "8.1-8.4":"a #1",
      "9.0-9.2":"y",
      "9.3":"y",
      "10.0-10.2":"y",
      "10.3":"y",
      "11.0-11.2":"y",
      "11.3":"y"
    },
    "op_mini":{
      "all":"n"
    },
    "android":{
      "2.1":"u",
      "2.2":"u",
      "2.3":"a #1",
      "3":"a #1",
      "4":"a #1",
      "4.1":"a #1",
      "4.2-4.3":"a #1",
      "4.4":"a #1",
      "4.4.3-4.4.4":"a #1",
      "62":"y"
    },
    "bb":{
      "7":"a #1",
      "10":"y"
    },
    "op_mob":{
      "10":"n",
      "11":"n",
      "11.1":"n",
      "11.5":"a #1",
      "12":"a #1",
      "12.1":"a #1",
      "37":"y"
    },
    "and_chr":{
      "64":"y"
    },
    "and_ff":{
      "57":"y x"
    },
    "ie_mob":{
      "10":"n",
      "11":"n"
    },
    "and_uc":{
      "11.8":"y"
    },
    "samsung":{
      "4":"y",
      "5":"y",
      "6.2":"y"
    },
    "and_qq":{
      "1.2":"y"
    },
    "baidu":{
      "7.12":"y"
    }
  },
  "notes":"",
  "notes_by_num":{
    "1":"Supports selector only for input and textarea fields, but not for contenteditable"
  },
  "usage_perc_y":89.37,
  "usage_perc_a":2.24,
  "ucprefix":false,
  "parent":"",
  "keywords":"css,selector,read-only,read-write",
  "ie_id":"cssmutabilitypseudoclasses",
  "chrome_id":"",
  "firefox_id":"",
  "webkit_id":"",
  "shown":true
}
