{
  "title":"FLAC audio format",
  "description":"Popular lossless audio compression format",
  "spec":"https://xiph.org/flac/format.html",
  "status":"other",
  "links":[
    {
      "url":"https://en.wikipedia.org/wiki/FLAC",
      "title":"Wikipedia"
    },
    {
      "url":"https://bugs.chromium.org/p/chromium/issues/detail?id=93887",
      "title":"Chrome support bug"
    },
    {
      "url":"https://wpdev.uservoice.com/forums/257854-microsoft-edge-developer/suggestions/15601752-support-flac",
      "title":"Edge UserVoice request"
    }
  ],
  "bugs":[
    
  ],
  "categories":[
    "Other"
  ],
  "stats":{
    "ie":{
      "5.5":"n",
      "6":"n",
      "7":"n",
      "8":"n",
      "9":"n",
      "10":"n",
      "11":"n"
    },
    "edge":{
      "12":"n",
      "13":"n",
      "14":"n",
      "15":"n",
      "16":"y",
      "17":"y"
    },
    "firefox":{
      "2":"n",
      "3":"n",
      "3.5":"n",
      "3.6":"n",
      "4":"n",
      "5":"n",
      "6":"n",
      "7":"n",
      "8":"n",
      "9":"n",
      "10":"n",
      "11":"n",
      "12":"n",
      "13":"n",
      "14":"n",
      "15":"n",
      "16":"n",
      "17":"n",
      "18":"n",
      "19":"n",
      "20":"n",
      "21":"n",
      "22":"n",
      "23":"n",
      "24":"n",
      "25":"n",
      "26":"n",
      "27":"n",
      "28":"n",
      "29":"n",
      "30":"n",
      "31":"n",
      "32":"n",
      "33":"n",
      "34":"n",
      "35":"n",
      "36":"n",
      "37":"n",
      "38":"n",
      "39":"n",
      "40":"n",
      "41":"n",
      "42":"n",
      "43":"n",
      "44":"n",
      "45":"n",
      "46":"n",
      "47":"n",
      "48":"n",
      "49":"n",
      "50":"n",
      "51":"y",
      "52":"y",
      "53":"y",
      "54":"y",
      "55":"y",
      "56":"y",
      "57":"y",
      "58":"y",
      "59":"y",
      "60":"y",
      "61":"y"
    },
    "chrome":{
      "4":"n",
      "5":"n",
      "6":"n",
      "7":"n",
      "8":"n",
      "9":"n",
      "10":"n",
      "11":"n",
      "12":"n",
      "13":"n",
      "14":"n",
      "15":"n",
      "16":"n",
      "17":"n",
      "18":"n",
      "19":"n",
      "20":"n",
      "21":"n",
      "22":"n",
      "23":"n",
      "24":"n",
      "25":"n",
      "26":"n",
      "27":"n",
      "28":"n",
      "29":"n",
      "30":"n",
      "31":"n",
      "32":"n",
      "33":"n",
      "34":"n",
      "35":"n",
      "36":"n",
      "37":"n",
      "38":"n",
      "39":"n",
      "40":"n",
      "41":"n",
      "42":"n",
      "43":"n",
      "44":"u",
      "45":"u",
      "46":"u",
      "47":"a #1 #2",
      "48":"a #1 #2",
      "49":"a #1 #2",
      "50":"a #1 #2",
      "51":"a #1 #2",
      "52":"a #1 #2",
      "53":"a #1 #2",
      "54":"a #1 #2",
      "55":"a #1 #2",
      "56":"y",
      "57":"y",
      "58":"y",
      "59":"y",
      "60":"y",
      "61":"y",
      "62":"y",
      "63":"y",
      "64":"y",
      "65":"y",
      "66":"y",
      "67":"y"
    },
    "safari":{
      "3.1":"n",
      "3.2":"n",
      "4":"n",
      "5":"n",
      "5.1":"n",
      "6":"n",
      "6.1":"n",
      "7":"n",
      "7.1":"n",
      "8":"n",
      "9":"n",
      "9.1":"n",
      "10":"n",
      "10.1":"n",
      "11":"a #3",
      "11.1":"a #3",
      "TP":"a #3"
    },
    "opera":{
      "9":"n",
      "9.5-9.6":"n",
      "10.0-10.1":"n",
      "10.5":"n",
      "10.6":"n",
      "11":"n",
      "11.1":"n",
      "11.5":"n",
      "11.6":"n",
      "12":"n",
      "12.1":"n",
      "15":"n",
      "16":"n",
      "17":"n",
      "18":"n",
      "19":"n",
      "20":"n",
      "21":"n",
      "22":"n",
      "23":"n",
      "24":"n",
      "25":"n",
      "26":"n",
      "27":"n",
      "28":"n",
      "29":"n",
      "30":"n",
      "31":"n",
      "32":"n",
      "33":"n",
      "34":"n",
      "35":"n",
      "36":"n",
      "37":"n",
      "38":"n",
      "39":"n",
      "40":"n",
      "41":"n",
      "42":"y",
      "43":"y",
      "44":"y",
      "45":"y",
      "46":"y",
      "47":"y",
      "48":"y",
      "49":"y",
      "50":"y",
      "51":"y",
      "52":"y"
    },
    "ios_saf":{
      "3.2":"n",
      "4.0-4.1":"n",
      "4.2-4.3":"n",
      "5.0-5.1":"n",
      "6.0-6.1":"n",
      "7.0-7.1":"n",
      "8":"n",
      "8.1-8.4":"n",
      "9.0-9.2":"n",
      "9.3":"n",
      "10.0-10.2":"n",
      "10.3":"n",
      "11.0-11.2":"y",
      "11.3":"y"
    },
    "op_mini":{
      "all":"n"
    },
    "android":{
      "2.1":"n",
      "2.2":"n",
      "2.3":"n",
      "3":"u",
      "4":"u",
      "4.1":"u",
      "4.2-4.3":"u",
      "4.4":"u",
      "4.4.3-4.4.4":"u",
      "62":"y"
    },
    "bb":{
      "7":"n",
      "10":"y"
    },
    "op_mob":{
      "10":"u",
      "11":"u",
      "11.1":"u",
      "11.5":"u",
      "12":"u",
      "12.1":"y",
      "37":"y #1"
    },
    "and_chr":{
      "64":"y"
    },
    "and_ff":{
      "57":"n"
    },
    "ie_mob":{
      "10":"n",
      "11":"n"
    },
    "and_uc":{
      "11.8":"y"
    },
    "samsung":{
      "4":"y #1",
      "5":"y",
      "6.2":"y"
    },
    "and_qq":{
      "1.2":"n"
    },
    "baidu":{
      "7.12":"y"
    }
  },
  "notes":"Support refers to this format's use in the `audio` element, not other conditions.",
  "notes_by_num":{
    "1":"HTMLMediaElement.canPlayType('audio/flac') returns an empty string",
    "2":"Only works on ChromeOS",
    "3":"Supported only on macOS High Sierra or later"
  },
  "usage_perc_y":80.9,
  "usage_perc_a":3.13,
  "ucprefix":false,
  "parent":"audio",
  "keywords":"flac,lossless,audio",
  "ie_id":"",
  "chrome_id":"",
  "firefox_id":"",
  "webkit_id":"",
  "shown":true
}
