{
  "title":"system-ui value for font-family",
  "description":"Value for `font-family` that represents the default user interface font.",
  "spec":"https://drafts.csswg.org/css-fonts-4/#system-ui-def",
  "status":"wd",
  "links":[
    {
      "url":"https://bugzilla.mozilla.org/show_bug.cgi?id=1226042",
      "title":"Firefox support bug"
    },
    {
      "url":"https://developer.mozilla.org/en-US/docs/Web/CSS/font-family",
      "title":"MDN on the font-family property"
    }
  ],
  "bugs":[
    
  ],
  "categories":[
    "CSS"
  ],
  "stats":{
    "ie":{
      "5.5":"n",
      "6":"n",
      "7":"n",
      "8":"n",
      "9":"n",
      "10":"n",
      "11":"n"
    },
    "edge":{
      "12":"n",
      "13":"n",
      "14":"n",
      "15":"n",
      "16":"n",
      "17":"n"
    },
    "firefox":{
      "2":"n",
      "3":"n",
      "3.5":"n",
      "3.6":"n",
      "4":"n",
      "5":"n",
      "6":"n",
      "7":"n",
      "8":"n",
      "9":"n",
      "10":"n",
      "11":"n",
      "12":"n",
      "13":"n",
      "14":"n",
      "15":"n",
      "16":"n",
      "17":"n",
      "18":"n",
      "19":"n",
      "20":"n",
      "21":"n",
      "22":"n",
      "23":"n",
      "24":"n",
      "25":"n",
      "26":"n",
      "27":"n",
      "28":"n",
      "29":"n",
      "30":"n",
      "31":"n",
      "32":"n",
      "33":"n",
      "34":"n",
      "35":"n",
      "36":"n",
      "37":"n",
      "38":"n",
      "39":"n",
      "40":"n",
      "41":"n",
      "42":"n",
      "43":"a #1",
      "44":"a #1",
      "45":"a #1",
      "46":"a #1",
      "47":"a #1",
      "48":"a #1",
      "49":"a #1",
      "50":"a #1",
      "51":"a #1",
      "52":"a #1",
      "53":"a #1",
      "54":"a #1",
      "55":"a #1",
      "56":"a #1",
      "57":"a #1",
      "58":"a #1",
      "59":"a #1",
      "60":"a #1",
      "61":"a #1"
    },
    "chrome":{
      "4":"n",
      "5":"n",
      "6":"n",
      "7":"n",
      "8":"n",
      "9":"n",
      "10":"n",
      "11":"n",
      "12":"n",
      "13":"n",
      "14":"n",
      "15":"n",
      "16":"n",
      "17":"n",
      "18":"n",
      "19":"n",
      "20":"n",
      "21":"n",
      "22":"n",
      "23":"n",
      "24":"n",
      "25":"n",
      "26":"n",
      "27":"n",
      "28":"n",
      "29":"n",
      "30":"n",
      "31":"n",
      "32":"n",
      "33":"n",
      "34":"n",
      "35":"n",
      "36":"n",
      "37":"n",
      "38":"n",
      "39":"n",
      "40":"n",
      "41":"n",
      "42":"n",
      "43":"n",
      "44":"n",
      "45":"n",
      "46":"n",
      "47":"n",
      "48":"n",
      "49":"n",
      "50":"n",
      "51":"n",
      "52":"n",
      "53":"n #2",
      "54":"n #2",
      "55":"n #2",
      "56":"y",
      "57":"y",
      "58":"y",
      "59":"y",
      "60":"y",
      "61":"y",
      "62":"y",
      "63":"y",
      "64":"y",
      "65":"y",
      "66":"y",
      "67":"y"
    },
    "safari":{
      "3.1":"n",
      "3.2":"n",
      "4":"n",
      "5":"n",
      "5.1":"n",
      "6":"n",
      "6.1":"n",
      "7":"n",
      "7.1":"n",
      "8":"n",
      "9":"u",
      "9.1":"a #1 #2",
      "10":"a #1 #2",
      "10.1":"a #1 #2",
      "11":"y",
      "11.1":"y",
      "TP":"y"
    },
    "opera":{
      "9":"n",
      "9.5-9.6":"n",
      "10.0-10.1":"n",
      "10.5":"n",
      "10.6":"n",
      "11":"n",
      "11.1":"n",
      "11.5":"n",
      "11.6":"n",
      "12":"n",
      "12.1":"n",
      "15":"n",
      "16":"n",
      "17":"n",
      "18":"n",
      "19":"n",
      "20":"n",
      "21":"n",
      "22":"n",
      "23":"n",
      "24":"n",
      "25":"n",
      "26":"n",
      "27":"n",
      "28":"n",
      "29":"n",
      "30":"n",
      "31":"n",
      "32":"n",
      "33":"n",
      "34":"n",
      "35":"n",
      "36":"n",
      "37":"n",
      "38":"n",
      "39":"n",
      "40":"n",
      "41":"n",
      "42":"n",
      "43":"y",
      "44":"y",
      "45":"y",
      "46":"y",
      "47":"y",
      "48":"y",
      "49":"y",
      "50":"y",
      "51":"y",
      "52":"y"
    },
    "ios_saf":{
      "3.2":"n",
      "4.0-4.1":"n",
      "4.2-4.3":"n",
      "5.0-5.1":"n",
      "6.0-6.1":"n",
      "7.0-7.1":"n",
      "8":"n",
      "8.1-8.4":"n",
      "9.0-9.2":"a #1",
      "9.3":"a #1",
      "10.0-10.2":"a #1",
      "10.3":"a #1",
      "11.0-11.2":"y",
      "11.3":"y"
    },
    "op_mini":{
      "all":"n"
    },
    "android":{
      "2.1":"n",
      "2.2":"n",
      "2.3":"n",
      "3":"n",
      "4":"n",
      "4.1":"n",
      "4.2-4.3":"n",
      "4.4":"n",
      "4.4.3-4.4.4":"n",
      "62":"y"
    },
    "bb":{
      "7":"n",
      "10":"n"
    },
    "op_mob":{
      "10":"n",
      "11":"n",
      "11.1":"n",
      "11.5":"n",
      "12":"n",
      "12.1":"n",
      "37":"y"
    },
    "and_chr":{
      "64":"y"
    },
    "and_ff":{
      "57":"n"
    },
    "ie_mob":{
      "10":"n",
      "11":"n"
    },
    "and_uc":{
      "11.8":"y"
    },
    "samsung":{
      "4":"n",
      "5":"n",
      "6.2":"y"
    },
    "and_qq":{
      "1.2":"y"
    },
    "baidu":{
      "7.12":"n"
    }
  },
  "notes":"",
  "notes_by_num":{
    "1":"Supported as the `-apple-ui` value (only on Mac)",
    "2":"Supported as the 'BlinkMacSystemFont'  value (only on Mac)"
  },
  "usage_perc_y":75.33,
  "usage_perc_a":7.87,
  "ucprefix":false,
  "parent":"",
  "keywords":"",
  "ie_id":"",
  "chrome_id":"5640395337760768",
  "firefox_id":"",
  "webkit_id":"",
  "shown":true
}
