{
  "title":"Token Binding",
  "description":"Bind cookies and tokens to a keypair owned by the client, in order to prevent session hijacking.",
  "spec":"https://datatracker.ietf.org/doc/draft-ietf-tokbind-https/",
  "status":"other",
  "links":[
    {
      "url":"https://docs.microsoft.com/en-us/windows-server/security/token-binding/introducing-token-binding",
      "title":"Introducing Token Binding in Windows"
    }
  ],
  "bugs":[
    
  ],
  "categories":[
    "Security"
  ],
  "stats":{
    "ie":{
      "5.5":"n",
      "6":"n",
      "7":"n",
      "8":"n",
      "9":"n",
      "10":"n",
      "11":"n"
    },
    "edge":{
      "12":"n",
      "13":"n",
      "14":"n",
      "15":"y #2",
      "16":"y #2",
      "17":"y #2"
    },
    "firefox":{
      "2":"n",
      "3":"n",
      "3.5":"n",
      "3.6":"n",
      "4":"n",
      "5":"n",
      "6":"n",
      "7":"n",
      "8":"n",
      "9":"n",
      "10":"n",
      "11":"n",
      "12":"n",
      "13":"n",
      "14":"n",
      "15":"n",
      "16":"n",
      "17":"n",
      "18":"n",
      "19":"n",
      "20":"n",
      "21":"n",
      "22":"n",
      "23":"n",
      "24":"n",
      "25":"n",
      "26":"n",
      "27":"n",
      "28":"n",
      "29":"n",
      "30":"n",
      "31":"n",
      "32":"n",
      "33":"n",
      "34":"n",
      "35":"n",
      "36":"n",
      "37":"n",
      "38":"n",
      "39":"n",
      "40":"n",
      "41":"n",
      "42":"n",
      "43":"n",
      "44":"n",
      "45":"n",
      "46":"n",
      "47":"n",
      "48":"n",
      "49":"n",
      "50":"n",
      "51":"n",
      "52":"n",
      "53":"n",
      "54":"n",
      "55":"n",
      "56":"n",
      "57":"n",
      "58":"n",
      "59":"u",
      "60":"u",
      "61":"u"
    },
    "chrome":{
      "4":"n",
      "5":"n",
      "6":"n",
      "7":"n",
      "8":"n",
      "9":"n",
      "10":"n",
      "11":"n",
      "12":"n",
      "13":"n",
      "14":"n",
      "15":"n",
      "16":"n",
      "17":"n",
      "18":"n",
      "19":"n",
      "20":"n",
      "21":"n",
      "22":"n",
      "23":"n",
      "24":"n",
      "25":"n",
      "26":"n",
      "27":"n",
      "28":"n",
      "29":"n",
      "30":"n",
      "31":"n",
      "32":"n",
      "33":"n",
      "34":"n",
      "35":"n",
      "36":"n",
      "37":"n",
      "38":"n",
      "39":"u",
      "40":"u",
      "41":"u",
      "42":"u",
      "43":"u",
      "44":"u",
      "45":"u",
      "46":"u",
      "47":"u",
      "48":"u",
      "49":"u",
      "50":"u",
      "51":"u",
      "52":"u",
      "53":"u",
      "54":"u",
      "55":"u",
      "56":"u",
      "57":"u",
      "58":"n d #1",
      "59":"n d #1",
      "60":"n d #1",
      "61":"n d #1",
      "62":"n d #1",
      "63":"n d #1",
      "64":"n d #1",
      "65":"n d #1",
      "66":"n d #1",
      "67":"n d #1"
    },
    "safari":{
      "3.1":"n",
      "3.2":"n",
      "4":"n",
      "5":"n",
      "5.1":"n",
      "6":"n",
      "6.1":"n",
      "7":"n",
      "7.1":"n",
      "8":"n",
      "9":"u",
      "9.1":"u",
      "10":"u",
      "10.1":"u",
      "11":"u",
      "11.1":"u",
      "TP":"u"
    },
    "opera":{
      "9":"n",
      "9.5-9.6":"n",
      "10.0-10.1":"n",
      "10.5":"n",
      "10.6":"n",
      "11":"n",
      "11.1":"n",
      "11.5":"n",
      "11.6":"n",
      "12":"n",
      "12.1":"n",
      "15":"n",
      "16":"n",
      "17":"n",
      "18":"n",
      "19":"n",
      "20":"n",
      "21":"n",
      "22":"n",
      "23":"n",
      "24":"n",
      "25":"n",
      "26":"n",
      "27":"n",
      "28":"n",
      "29":"n",
      "30":"u",
      "31":"u",
      "32":"u",
      "33":"u",
      "34":"u",
      "35":"u",
      "36":"u",
      "37":"u",
      "38":"u",
      "39":"u",
      "40":"u",
      "41":"u",
      "42":"u",
      "43":"u",
      "44":"u",
      "45":"u",
      "46":"u",
      "47":"u",
      "48":"u",
      "49":"u",
      "50":"u",
      "51":"u",
      "52":"u"
    },
    "ios_saf":{
      "3.2":"n",
      "4.0-4.1":"n",
      "4.2-4.3":"n",
      "5.0-5.1":"n",
      "6.0-6.1":"n",
      "7.0-7.1":"n",
      "8":"n",
      "8.1-8.4":"n",
      "9.0-9.2":"u",
      "9.3":"u",
      "10.0-10.2":"u",
      "10.3":"u",
      "11.0-11.2":"u",
      "11.3":"u"
    },
    "op_mini":{
      "all":"u"
    },
    "android":{
      "2.1":"n",
      "2.2":"n",
      "2.3":"n",
      "3":"n",
      "4":"n",
      "4.1":"n",
      "4.2-4.3":"n",
      "4.4":"n",
      "4.4.3-4.4.4":"n",
      "62":"u"
    },
    "bb":{
      "7":"n",
      "10":"n"
    },
    "op_mob":{
      "10":"n",
      "11":"n",
      "11.1":"n",
      "11.5":"n",
      "12":"n",
      "12.1":"n",
      "37":"u"
    },
    "and_chr":{
      "64":"u"
    },
    "and_ff":{
      "57":"u"
    },
    "ie_mob":{
      "10":"n",
      "11":"u"
    },
    "and_uc":{
      "11.8":"u"
    },
    "samsung":{
      "4":"u",
      "5":"u",
      "6.2":"u"
    },
    "and_qq":{
      "1.2":"u"
    },
    "baidu":{
      "7.12":"u"
    }
  },
  "notes":"",
  "notes_by_num":{
    "1":"Enabled in Chrome through the \"Token Binding\" flag in chrome://flags",
    "2":"Token binding in Edge is enabled on Windows 10, version 1703 and newer"
  },
  "usage_perc_y":1.59,
  "usage_perc_a":0,
  "ucprefix":false,
  "parent":"",
  "keywords":"ssl, tls",
  "ie_id":"",
  "chrome_id":"5097603234529280",
  "firefox_id":"",
  "webkit_id":"",
  "shown":false
}
