{
  "title":"CSS user-select: none",
  "description":"Method of preventing text/element selection using CSS. ",
  "spec":"https://drafts.csswg.org/css-ui-4/#valdef-user-select-none",
  "status":"wd",
  "links":[
    {
      "url":"https://developer.mozilla.org/en-US/docs/CSS/user-select",
      "title":"MDN Web Docs - CSS user-select"
    },
    {
      "url":"https://css-tricks.com/almanac/properties/u/user-select/",
      "title":"CSS Tricks article"
    },
    {
      "url":"http://msdn.microsoft.com/en-us/library/ie/hh781492(v=vs.85).aspx",
      "title":"MSDN Documentation"
    }
  ],
  "bugs":[
    {
      "description":"iOS does not allow input elements to be focused (and thus prevents text input) when the element has `-webkit-user-select: none` set"
    },
    {
      "description":"Reported to not work in some manufacturer's versions of Android 4.0 and below, though confirmed to work in others."
    }
  ],
  "categories":[
    "CSS"
  ],
  "stats":{
    "ie":{
      "5.5":"n",
      "6":"n",
      "7":"n",
      "8":"n",
      "9":"n",
      "10":"y x",
      "11":"y x"
    },
    "edge":{
      "12":"y x",
      "13":"y x",
      "14":"y x",
      "15":"y x",
      "16":"y x",
      "17":"y x"
    },
    "firefox":{
      "2":"y x",
      "3":"y x",
      "3.5":"y x",
      "3.6":"y x",
      "4":"y x",
      "5":"y x",
      "6":"y x",
      "7":"y x",
      "8":"y x",
      "9":"y x",
      "10":"y x",
      "11":"y x",
      "12":"y x",
      "13":"y x",
      "14":"y x",
      "15":"y x",
      "16":"y x",
      "17":"y x",
      "18":"y x",
      "19":"y x",
      "20":"y x",
      "21":"y x",
      "22":"y x",
      "23":"y x",
      "24":"y x",
      "25":"y x",
      "26":"y x",
      "27":"y x",
      "28":"y x",
      "29":"y x",
      "30":"y x",
      "31":"y x",
      "32":"y x",
      "33":"y x",
      "34":"y x",
      "35":"y x",
      "36":"y x",
      "37":"y x",
      "38":"y x",
      "39":"y x",
      "40":"y x",
      "41":"y x",
      "42":"y x",
      "43":"y x",
      "44":"y x",
      "45":"y x",
      "46":"y x",
      "47":"y x",
      "48":"y x",
      "49":"y x",
      "50":"y x",
      "51":"y x",
      "52":"y x",
      "53":"y x",
      "54":"y x",
      "55":"y x",
      "56":"y x",
      "57":"y x",
      "58":"y x",
      "59":"y x",
      "60":"y x",
      "61":"y x"
    },
    "chrome":{
      "4":"y x",
      "5":"y x",
      "6":"y x",
      "7":"y x",
      "8":"y x",
      "9":"y x",
      "10":"y x",
      "11":"y x",
      "12":"y x",
      "13":"y x",
      "14":"y x",
      "15":"y x",
      "16":"y x",
      "17":"y x",
      "18":"y x",
      "19":"y x",
      "20":"y x",
      "21":"y x",
      "22":"y x",
      "23":"y x",
      "24":"y x",
      "25":"y x",
      "26":"y x",
      "27":"y x",
      "28":"y x",
      "29":"y x",
      "30":"y x",
      "31":"y x",
      "32":"y x",
      "33":"y x",
      "34":"y x",
      "35":"y x",
      "36":"y x",
      "37":"y x",
      "38":"y x",
      "39":"y x",
      "40":"y x",
      "41":"y x",
      "42":"y x",
      "43":"y x",
      "44":"y x",
      "45":"y x",
      "46":"y x",
      "47":"y x",
      "48":"y x",
      "49":"y x",
      "50":"y x",
      "51":"y x",
      "52":"y x",
      "53":"y x",
      "54":"y",
      "55":"y",
      "56":"y",
      "57":"y",
      "58":"y",
      "59":"y",
      "60":"y",
      "61":"y",
      "62":"y",
      "63":"y",
      "64":"y",
      "65":"y",
      "66":"y",
      "67":"y"
    },
    "safari":{
      "3.1":"y x",
      "3.2":"y x",
      "4":"y x",
      "5":"y x",
      "5.1":"y x",
      "6":"y x",
      "6.1":"y x",
      "7":"y x",
      "7.1":"y x",
      "8":"y x",
      "9":"y x",
      "9.1":"y x",
      "10":"y x",
      "10.1":"y x",
      "11":"y x",
      "11.1":"y x",
      "TP":"y x"
    },
    "opera":{
      "9":"n",
      "9.5-9.6":"n",
      "10.0-10.1":"n",
      "10.5":"n",
      "10.6":"n",
      "11":"n",
      "11.1":"n",
      "11.5":"n",
      "11.6":"n",
      "12":"n",
      "12.1":"n",
      "15":"y x",
      "16":"y x",
      "17":"y x",
      "18":"y x",
      "19":"y x",
      "20":"y x",
      "21":"y x",
      "22":"y x",
      "23":"y x",
      "24":"y x",
      "25":"y x",
      "26":"y x",
      "27":"y x",
      "28":"y x",
      "29":"y x",
      "30":"y x",
      "31":"y x",
      "32":"y x",
      "33":"y x",
      "34":"y x",
      "35":"y x",
      "36":"y x",
      "37":"y x",
      "38":"y x",
      "39":"y x",
      "40":"y x",
      "41":"y",
      "42":"y",
      "43":"y",
      "44":"y",
      "45":"y",
      "46":"y",
      "47":"y",
      "48":"y",
      "49":"y",
      "50":"y",
      "51":"y",
      "52":"y"
    },
    "ios_saf":{
      "3.2":"y x",
      "4.0-4.1":"y x",
      "4.2-4.3":"y x",
      "5.0-5.1":"y x",
      "6.0-6.1":"y x",
      "7.0-7.1":"y x",
      "8":"y x",
      "8.1-8.4":"y x",
      "9.0-9.2":"y x",
      "9.3":"y x",
      "10.0-10.2":"y x",
      "10.3":"y x",
      "11.0-11.2":"y x",
      "11.3":"y x"
    },
    "op_mini":{
      "all":"n"
    },
    "android":{
      "2.1":"y x",
      "2.2":"y x",
      "2.3":"y x",
      "3":"y x",
      "4":"y x",
      "4.1":"y x",
      "4.2-4.3":"y x",
      "4.4":"y x",
      "4.4.3-4.4.4":"y x",
      "62":"y"
    },
    "bb":{
      "7":"y x",
      "10":"y x"
    },
    "op_mob":{
      "10":"n",
      "11":"n",
      "11.1":"n",
      "11.5":"n",
      "12":"n",
      "12.1":"n",
      "37":"y x"
    },
    "and_chr":{
      "64":"y"
    },
    "and_ff":{
      "57":"y x"
    },
    "ie_mob":{
      "10":"y x",
      "11":"y x"
    },
    "and_uc":{
      "11.8":"n"
    },
    "samsung":{
      "4":"y x",
      "5":"y x",
      "6.2":"y x"
    },
    "and_qq":{
      "1.2":"y x"
    },
    "baidu":{
      "7.12":"n"
    }
  },
  "notes":"",
  "notes_by_num":{
    
  },
  "usage_perc_y":86.27,
  "usage_perc_a":0,
  "ucprefix":false,
  "parent":"",
  "keywords":"",
  "ie_id":"",
  "chrome_id":"",
  "firefox_id":"",
  "webkit_id":"",
  "shown":true
}
