{
  "title":"WebVR API",
  "description":"API for accessing virtual reality (VR) devices, including sensors and head-mounted displays.",
  "spec":"https://w3c.github.io/webvr/",
  "status":"unoff",
  "links":[
    {
      "url":"https://webvr.rocks/",
      "title":"Detailed device support information"
    },
    {
      "url":"https://github.com/googlevr/webvr-polyfill",
      "title":"WebVR polyfill"
    },
    {
      "url":"http://aframe.io",
      "title":"WebVR framework"
    },
    {
      "url":"https://webvr.info/",
      "title":"WebVR info"
    },
    {
      "url":"https://developer.mozilla.org/en-US/docs/Web/API/WebVR_API",
      "title":"MDN Web Docs - WebVR API"
    }
  ],
  "bugs":[
    {
      "description":"WebVR is in development and is still changing. Because of this there could be bugs inside the standard of the W3C."
    }
  ],
  "categories":[
    "JS API"
  ],
  "stats":{
    "ie":{
      "5.5":"n",
      "6":"n",
      "7":"n",
      "8":"n",
      "9":"n",
      "10":"n",
      "11":"n"
    },
    "edge":{
      "12":"n",
      "13":"n",
      "14":"n",
      "15":"y #3",
      "16":"y #3",
      "17":"y #3"
    },
    "firefox":{
      "2":"n",
      "3":"n",
      "3.5":"n",
      "3.6":"n",
      "4":"n",
      "5":"n",
      "6":"n",
      "7":"n",
      "8":"n",
      "9":"n",
      "10":"n",
      "11":"n",
      "12":"n",
      "13":"n",
      "14":"n",
      "15":"n",
      "16":"n",
      "17":"n",
      "18":"n",
      "19":"n",
      "20":"n",
      "21":"n",
      "22":"n",
      "23":"n",
      "24":"n",
      "25":"n",
      "26":"n",
      "27":"n",
      "28":"n",
      "29":"n",
      "30":"n",
      "31":"n",
      "32":"n",
      "33":"n",
      "34":"n",
      "35":"n",
      "36":"n",
      "37":"n",
      "38":"n",
      "39":"n",
      "40":"n",
      "41":"n",
      "42":"n",
      "43":"n",
      "44":"n",
      "45":"n",
      "46":"n",
      "47":"n",
      "48":"n",
      "49":"n",
      "50":"n",
      "51":"n",
      "52":"n",
      "53":"n",
      "54":"n d #1",
      "55":"y #1",
      "56":"y #1",
      "57":"y #1",
      "58":"y #1",
      "59":"y #1",
      "60":"y #1",
      "61":"y #1"
    },
    "chrome":{
      "4":"n",
      "5":"n",
      "6":"n",
      "7":"n",
      "8":"n",
      "9":"n",
      "10":"n",
      "11":"n",
      "12":"n",
      "13":"n",
      "14":"n",
      "15":"n",
      "16":"n",
      "17":"n",
      "18":"n",
      "19":"n",
      "20":"n",
      "21":"n",
      "22":"n",
      "23":"n",
      "24":"n",
      "25":"n",
      "26":"n",
      "27":"n",
      "28":"n",
      "29":"n",
      "30":"n",
      "31":"n",
      "32":"n",
      "33":"n",
      "34":"n",
      "35":"n",
      "36":"n",
      "37":"n",
      "38":"n",
      "39":"n",
      "40":"n",
      "41":"n",
      "42":"n",
      "43":"n",
      "44":"n",
      "45":"n",
      "46":"n",
      "47":"n",
      "48":"n",
      "49":"n",
      "50":"n",
      "51":"n",
      "52":"n",
      "53":"n",
      "54":"n",
      "55":"n",
      "56":"n",
      "57":"n d #2",
      "58":"n d #2",
      "59":"n d #2",
      "60":"n d #2",
      "61":"n d #2",
      "62":"n d #2",
      "63":"n d #2",
      "64":"n d #2",
      "65":"n d #2",
      "66":"n d #2",
      "67":"n d #2"
    },
    "safari":{
      "3.1":"n",
      "3.2":"n",
      "4":"n",
      "5":"n",
      "5.1":"n",
      "6":"n",
      "6.1":"n",
      "7":"n",
      "7.1":"n",
      "8":"n",
      "9":"n",
      "9.1":"n",
      "10":"n",
      "10.1":"n",
      "11":"n",
      "11.1":"n",
      "TP":"n"
    },
    "opera":{
      "9":"n",
      "9.5-9.6":"n",
      "10.0-10.1":"n",
      "10.5":"n",
      "10.6":"n",
      "11":"n",
      "11.1":"n",
      "11.5":"n",
      "11.6":"n",
      "12":"n",
      "12.1":"n",
      "15":"n",
      "16":"n",
      "17":"n",
      "18":"n",
      "19":"n",
      "20":"n",
      "21":"n",
      "22":"n",
      "23":"n",
      "24":"n",
      "25":"n",
      "26":"n",
      "27":"n",
      "28":"n",
      "29":"n",
      "30":"n",
      "31":"n",
      "32":"n",
      "33":"n",
      "34":"n",
      "35":"n",
      "36":"n",
      "37":"n",
      "38":"n",
      "39":"n",
      "40":"n",
      "41":"n",
      "42":"n",
      "43":"n",
      "44":"n",
      "45":"n",
      "46":"n",
      "47":"n",
      "48":"n",
      "49":"n",
      "50":"n",
      "51":"n",
      "52":"n"
    },
    "ios_saf":{
      "3.2":"n",
      "4.0-4.1":"n",
      "4.2-4.3":"n",
      "5.0-5.1":"n",
      "6.0-6.1":"n",
      "7.0-7.1":"n",
      "8":"n",
      "8.1-8.4":"n",
      "9.0-9.2":"n",
      "9.3":"n",
      "10.0-10.2":"n",
      "10.3":"n",
      "11.0-11.2":"n",
      "11.3":"n"
    },
    "op_mini":{
      "all":"n"
    },
    "android":{
      "2.1":"n",
      "2.2":"n",
      "2.3":"n",
      "3":"n",
      "4":"n",
      "4.1":"n",
      "4.2-4.3":"n",
      "4.4":"n",
      "4.4.3-4.4.4":"n",
      "62":"n"
    },
    "bb":{
      "7":"n",
      "10":"n"
    },
    "op_mob":{
      "10":"n",
      "11":"n",
      "11.1":"n",
      "11.5":"n",
      "12":"n",
      "12.1":"n",
      "37":"n"
    },
    "and_chr":{
      "64":"y #5"
    },
    "and_ff":{
      "57":"n"
    },
    "ie_mob":{
      "10":"n",
      "11":"n"
    },
    "and_uc":{
      "11.8":"n"
    },
    "samsung":{
      "4":"y #4",
      "5":"a #4",
      "6.2":"a #4"
    },
    "and_qq":{
      "1.2":"n"
    },
    "baidu":{
      "7.12":"n d #2"
    }
  },
  "notes":"Not every computer or smartphone could run WebVR appication. For smartphones, you need a gyroscope and for computers must be VR-ready also the needed sotfware (Oculus client or (Steam VR and VivePort)) and drivers must been installed on the computer. In this situations, you've the best experiance to use WebVR applications.",
  "notes_by_num":{
    "1":"Available and enabled by default only in Firefox Windows. Enabled in Nightly for iOS.",
    "2":"Enabled behind the WebVR & \"Gamepad Extensions\" flags under `chrome://flags`. Currently builds use an older version of the (still changing) specification and supports only the Oculus Rift and the HTC vive on Windows VR-ready computers.",
    "3":"[In development](https://blogs.windows.com/msedgedev/2016/09/09/webvr-in-development-edge/#3lMW05DTZXbXcK46.97) in the latest Edge builds and supports only [Windows Mixed Reality](https://developer.microsoft.com/en-us/windows/mixed-reality).",
    "4":"Supports only Samsung Galaxy devices with the Samgung Gear VR",
    "5":"Supports only Google Daydream on [daydream-ready devices](https://vr.google.com/daydream/smartphonevr/phones/) and Google Cardboards"
  },
  "usage_perc_y":35.86,
  "usage_perc_a":2,
  "ucprefix":false,
  "parent":"",
  "keywords":"getvrdevices,getvrdisplays,getdisplays,navigator.vr",
  "ie_id":"webvr",
  "chrome_id":"4532810371039232",
  "firefox_id":"",
  "webkit_id":"",
  "shown":true
}
